<?xml version="1.0" encoding="UTF-8"?>
<treeVectorFile xmlns:xsi="http://www.w3.org/2001/XMLSchema-instance" xmlns="http://www.openda.org" xsi:schemaLocation="http://www.openda.org ../../../xsd/treeVector.xsd">
  <treeVector>
    <treeVectorLeaf id="P">
      <vector>0</vector>
    </treeVectorLeaf>
    <treeVectorLeaf id="T">
      <vector>0</vector>
    </treeVectorLeaf>
    <treeVectorLeaf id="EP">
      <vector>0.3</vector>
    </treeVectorLeaf>
    <treeVectorLeaf id="IC">
      <vector>0</vector>
    </treeVectorLeaf>
    <treeVectorLeaf id="LZ">
      <vector>2.07323</vector>
    </treeVectorLeaf>
    <treeVectorLeaf id="SM">
      <vector>15.3717</vector>
    </treeVectorLeaf>
    <treeVectorLeaf id="SP">
      <vector>0</vector>
    </treeVectorLeaf>
    <treeVectorLeaf id="UZ">
      <vector>0</vector>
    </treeVectorLeaf>
    <treeVectorLeaf id="WC">
      <vector>0</vector>
    </treeVectorLeaf>
    <treeVectorLeaf id="Q">
      <vector>0.183886</vector>
    </treeVectorLeaf>
  </treeVector>
</treeVectorFile>
